<?xml version="1.0" encoding="Windows-1252" ?>
<!--
Theme name : Visual Studio
-->
<NotepadPlus>
    <LexerStyles>
		 <LexerType name="sql" desc="SQL" ext="">
            <WordsStyle name="KEYWORD" styleID="5" fgColor="0000FF" bgColor="FFFFFF" fontName="" fontStyle="0" fontSize="" keywordClass="instre1" />
            <WordsStyle name="NUMBER" styleID="4" fgColor="0060BF" bgColor="FFFFFF" fontName="" fontStyle="0" fontSize="" />
            <WordsStyle name="STRING" styleID="6" fgColor="007BEF" bgColor="FFFFFF" fontName="" fontStyle="0" fontSize="" />
            <WordsStyle name="STRING2" styleID="7" fgColor="007BEF" bgColor="FFFFFF" fontName="" fontStyle="0" fontSize="" />
            <WordsStyle name="OPERATOR" styleID="10" fgColor="000000" bgColor="FFFFFF" fontName="" fontStyle="0" fontSize="" />
            <WordsStyle name="COMMENT" styleID="1" fgColor="008000" bgColor="FFFFFF" fontName="" fontStyle="0" fontSize="" />
            <WordsStyle name="COMMENT LINE" styleID="2" fgColor="008000" bgColor="FFFFFF" fontName="" fontStyle="0" fontSize="" />
        </LexerType>
		<LexerType name="python" desc="Python" ext="">
            <WordsStyle name="DEFAULT" styleID="0" fgColor="000000" bgColor="FFFFFF" fontName="" fontStyle="0" fontSize="" />
            <WordsStyle name="COMMENTLINE" styleID="1" fgColor="008000" bgColor="FFFFFF" fontName="" fontStyle="0" fontSize="" />
            <WordsStyle name="NUMBER" styleID="2" fgColor="0060BF" bgColor="FFFFFF" fontName="" fontStyle="0" fontSize="" />
            <WordsStyle name="STRING" styleID="3" fgColor="007BEF" bgColor="FFFFFF" fontName="" fontStyle="0" fontSize="" />
            <WordsStyle name="CHARACTER" styleID="4" fgColor="007BEF" bgColor="FFFFFF" fontName="" fontStyle="0" fontSize="" />
            <WordsStyle name="KEYWORDS" styleID="5" fgColor="0000FF" bgColor="FFFFFF" fontName="" fontStyle="0" fontSize="" keywordClass="instre1">True False</WordsStyle>
            <WordsStyle name="TRIPLE" styleID="6" fgColor="0060BF" bgColor="FFFFFF" fontName="" fontStyle="0" fontSize="" />
            <WordsStyle name="TRIPLEDOUBLE" styleID="7" fgColor="0060BF" bgColor="FFFFFF" fontName="" fontStyle="0" fontSize="" />
            <WordsStyle name="CLASSNAME" styleID="8" fgColor="0000FF" bgColor="FFFFFF" fontName="" fontStyle="0" fontSize="" />
            <WordsStyle name="DEFNAME" styleID="9" fgColor="000000" bgColor="FFFFFF" fontName="" fontStyle="0" fontSize="" />
            <WordsStyle name="OPERATOR" styleID="10" fgColor="000000" bgColor="FFFFFF" fontName="" fontStyle="0" fontSize="" />
            <WordsStyle name="IDENTIFIER" styleID="11" fgColor="000000" bgColor="FFFFFF" fontName="" fontStyle="0" fontSize="" />
            <WordsStyle name="COMMENTBLOCK" styleID="12" fgColor="008000" bgColor="FFFFFF" fontName="" fontStyle="0" fontSize="" />
            <WordsStyle name="STRINGEOL" styleID="12" fgColor="007BEF" bgColor="FFFFFF" fontName="" fontStyle="0" fontSize="" />
        </LexerType>
		<LexerType name="ini" desc="ini file" ext="">
            <WordsStyle name="DEFAULT" styleID="0" fgColor="000000" bgColor="FFFFFF" fontName="" fontStyle="0" fontSize="" />
            <WordsStyle name="COMMENT" styleID="1" fgColor="008000" bgColor="FFFFFF" fontName="" fontStyle="0" fontSize="" />
            <WordsStyle name="SECTION" styleID="2" fgColor="800000" bgColor="FFFFFF" fontName="" fontStyle="0" fontSize="" />
            <WordsStyle name="ASSIGNMENT" styleID="3" fgColor="000000" bgColor="FFFFFF" fontName="" fontStyle="0" fontSize="" />
            <WordsStyle name="DEFVAL" styleID="4" fgColor="000000" bgColor="FFFFFF" fontName="" fontStyle="0" fontSize="" />
        </LexerType>
		<LexerType name="asm" desc="Assembler" ext="">
            <WordsStyle name="DEFAULT" styleID="0" fgColor="000000" bgColor="FFFFFF" fontName="" fontStyle="0" fontSize="" />
            <WordsStyle name="COMMENT" styleID="1" fgColor="008000" bgColor="FFFFFF" fontName="" fontStyle="0" fontSize="" />
            <WordsStyle name="NUMBER" styleID="2" fgColor="0060BF" bgColor="FFFFFF" fontName="" fontStyle="0" fontSize="" />
            <WordsStyle name="STRING" styleID="3" fgColor="007BEF" bgColor="FFFFFF" fontName="" fontStyle="0" fontSize="" />
            <WordsStyle name="OPERATOR" styleID="4" fgColor="000000" bgColor="FFFFFF" fontName="" fontStyle="0" fontSize="" />
            <WordsStyle name="IDENTIFIER" styleID="5" fgColor="000000" bgColor="FFFFFF" fontName="" fontStyle="0" fontSize="" />
            <WordsStyle name="CPU INSTRUCTION" styleID="6" fgColor="0000FF" bgColor="FFFFFF" fontName="" fontStyle="0" fontSize="" keywordClass="instre1" />
            <WordsStyle name="MATH INSTRUCTION" styleID="7" fgColor="0000FF" bgColor="FFFFFF" fontName="" fontStyle="0" fontSize="" keywordClass="instre2" />
            <WordsStyle name="REGISTER" styleID="8" fgColor="000000" bgColor="FFFFFF" fontName="" fontStyle="0" fontSize="" keywordClass="type1" />
            <WordsStyle name="DIRECTIVE" styleID="9" fgColor="0000FF" bgColor="FFFFFF" fontName="" fontStyle="0" fontSize="" keywordClass="type2" />
            <WordsStyle name="DIRECTIVE OPERAND" styleID="10" fgColor="0000FF" bgColor="FFFFFF" fontName="" fontStyle="0" fontSize="" keywordClass="type3" />
            <WordsStyle name="COMMENT BLOCK" styleID="11" fgColor="008000" bgColor="FFFFFF" fontName="" fontStyle="0" fontSize="" />
            <WordsStyle name="CHARACTER" styleID="12" fgColor="007BEF" bgColor="FFFFFF" fontName="" fontStyle="0" fontSize="" />
            <WordsStyle name="STRINGEOL" styleID="13" fgColor="007BEF" bgColor="FFFFFF" fontName="" fontStyle="0" fontSize="" />
            <WordsStyle name="EXT INSTRUCTION" styleID="14" fgColor="000000" bgColor="FFFFFF" fontName="" fontStyle="0" fontSize="" keywordClass="type4" />
        </LexerType>
		<LexerType name="actionscript" desc="ActionScript" ext="">
            <WordsStyle name="DEFAULT" styleID="11" fgColor="000000" bgColor="FFFFFF" fontName="" fontStyle="0" fontSize="" />
            <WordsStyle name="FUNCTION" styleID="20" fgColor="0000FF" bgColor="FFFFFF" fontName="" fontStyle="0" fontSize="" keywordClass="type2" />
            <WordsStyle name="PREPROCESSOR" styleID="9" fgColor="0000FF" bgColor="FFFFFF" fontName="" fontStyle="0" fontSize="" />
            <WordsStyle name="INSTRUCTION WORD" styleID="5" fgColor="0000FF" bgColor="FFFFFF" fontName="" fontStyle="0" fontSize="" keywordClass="instre1">toto titi</WordsStyle>
            <WordsStyle name="TYPE WORD" styleID="16" fgColor="0000FF" bgColor="FFFFFF" fontName="" fontStyle="0" fontSize="" keywordClass="type1" />
            <WordsStyle name="NUMBER" styleID="4" fgColor="0060BF" bgColor="FFFFFF" fontName="" fontStyle="0" fontSize="" />
            <WordsStyle name="STRING" styleID="6" fgColor="007BEF" bgColor="FFFFFF" fontName="" fontStyle="0" fontSize="" />
            <WordsStyle name="CHARACTER" styleID="7" fgColor="007BEF" bgColor="FFFFFF" fontName="" fontStyle="0" fontSize="" />
            <WordsStyle name="OPERATOR" styleID="10" fgColor="000000" bgColor="FFFFFF" fontName="" fontStyle="0" fontSize="" />
            <WordsStyle name="VERBATIM" styleID="13" fgColor="0060BF" bgColor="FFFFFF" fontName="" fontStyle="0" fontSize="" />
            <WordsStyle name="REGEX" styleID="14" fgColor="800000" bgColor="FFFFFF" fontName="" fontStyle="0" fontSize="" />
            <WordsStyle name="COMMENT" styleID="1" fgColor="008000" bgColor="FFFFFF" fontName="" fontStyle="0" fontSize="" />
            <WordsStyle name="COMMENT LINE" styleID="2" fgColor="008000" bgColor="FFFFFF" fontName="" fontStyle="0" fontSize="" />
            <WordsStyle name="COMMENT DOC" styleID="3" fgColor="008000" bgColor="FFFFFF" fontName="" fontStyle="0" fontSize="" />
            <WordsStyle name="COMMENT LINE DOC" styleID="15" fgColor="008000" bgColor="FFFFFF" fontName="" fontStyle="0" fontSize="" />
            <WordsStyle name="COMMENT DOC KEYWORD" styleID="17" fgColor="008000" bgColor="FFFFFF" fontName="" fontStyle="0" fontSize="" />
            <WordsStyle name="COMMENT DOC KEYWORD ERROR" styleID="18" fgColor="008000" bgColor="FFFFFF" fontName="" fontStyle="0" fontSize="" />
        </LexerType>
		<LexerType name="powershell" desc="PowerShell" ext="">
            <WordsStyle name="DEFAULT" styleID="0" fgColor="000000" bgColor="FFFFFF" fontName="" fontStyle="0" fontSize="" />
            <WordsStyle name="COMMENT" styleID="1" fgColor="008000" bgColor="FFFFFF" fontName="" fontStyle="0" fontSize="" />
            <WordsStyle name="STRING" styleID="2" fgColor="007BEF" bgColor="FFFFFF" fontName="" fontStyle="0" fontSize="" />
            <WordsStyle name="CHARACTER" styleID="3" fgColor="007BEF" bgColor="FFFFFF" fontName="" fontStyle="0" fontSize="" />
            <WordsStyle name="NUMBER" styleID="4" fgColor="0060BF" bgColor="FFFFFF" fontName="" fontStyle="0" fontSize="" />
            <WordsStyle name="VARIABLE" styleID="5" fgColor="000000" bgColor="FFFFFF" fontName="" fontStyle="0" fontSize="" />
            <WordsStyle name="OPERATOR" styleID="6" fgColor="000000" bgColor="FFFFFF" fontName="" fontStyle="0" fontSize="" />
            <WordsStyle name="INSTRUCTION WORD" styleID="0000FF" fgColor="0000FF" bgColor="FFFFFF" fontName="" fontStyle="0" fontSize="" keywordClass="instre1" />
            <WordsStyle name="CMDLET" styleID="9" fgColor="0000FF" bgColor="FFFFFF" fontName="" fontStyle="0" fontSize="" keywordClass="instre2" />
            <WordsStyle name="ALIAS" styleID="10" fgColor="0000FF" bgColor="FFFFFF" fontName="" fontStyle="0" fontSize="" keywordClass="type1" />
        </LexerType>
		<LexerType name="vb" desc="VB / VBS" ext="">
            <WordsStyle name="DEFAULT" styleID="7" fgColor="000000" bgColor="FFFFFF" fontName="" fontStyle="0" fontSize="" />
            <WordsStyle name="COMMENT" styleID="1" fgColor="008000" bgColor="FFFFFF" fontName="" fontStyle="0" fontSize="" />
            <WordsStyle name="NUMBER" styleID="2" fgColor="0060BF" bgColor="FFFFFF" fontName="" fontStyle="0" fontSize="" />
            <WordsStyle name="WORD" styleID="3" fgColor="0000FF" bgColor="FFFFFF" fontName="" fontStyle="0" fontSize="" keywordClass="instre1" />
            <WordsStyle name="STRING" styleID="4" fgColor="007BEF" bgColor="FFFFFF" fontName="" fontStyle="0" fontSize="" />
            <WordsStyle name="PREPROCESSOR" styleID="5" fgColor="0000FF" bgColor="FFFFFF" fontName="" fontStyle="0" fontSize="" />
            <WordsStyle name="OPERATOR" styleID="6" fgColor="000000" bgColor="FFFFFF" fontName="" fontStyle="0" fontSize="" />
            <WordsStyle name="DATE" styleID="8" fgColor="000000" bgColor="FFFFFF" fontName="" fontStyle="0" fontSize="" />
        </LexerType>
        <LexerType name="cs" desc="C#" ext="">
            <WordsStyle name="PREPROCESSOR" styleID="9" fgColor="0000FF" bgColor="FFFFFF" fontName="" fontStyle="0" fontSize="" />
            <WordsStyle name="DEFAULT" styleID="11" fgColor="000000" bgColor="FFFFFF" fontName="" fontStyle="0" fontSize="" />
            <WordsStyle name="INSTRUCTION WORD" styleID="5" fgColor="0000FF" bgColor="FFFFFF" fontName="" fontStyle="0" fontSize="" keywordClass="instre1">the_ID the_post have_posts wp_link_pages the_content</WordsStyle>
            <WordsStyle name="TYPE WORD" styleID="16" fgColor="0000FF" bgColor="FFFFFF" fontName="" fontStyle="0" fontSize="">toto titi</WordsStyle>
            <WordsStyle name="NUMBER" styleID="4" fgColor="0060BF" bgColor="FFFFFF" fontName="" fontStyle="0" fontSize="" />
            <WordsStyle name="STRING" styleID="6" fgColor="007BEF" bgColor="FFFFFF" fontName="" fontStyle="0" fontSize="" />
            <WordsStyle name="CHARACTER" styleID="7" fgColor="007BEF" bgColor="FFFFFF" fontName="" fontStyle="0" fontSize="">$_POST $_GET $_SESSION</WordsStyle>
            <WordsStyle name="OPERATOR" styleID="10" fgColor="000000" bgColor="FFFFFF" fontName="" fontStyle="0" fontSize="" />
            <WordsStyle name="VERBATIM" styleID="13" fgColor="0060BF" bgColor="FFFFFF" fontName="" fontStyle="0" fontSize="" />
            <WordsStyle name="REGEX" styleID="14" fgColor="800000" bgColor="FFFFFF" fontName="" fontStyle="0" fontSize="" />
            <WordsStyle name="COMMENT" styleID="1" fgColor="008000" bgColor="FFFFFF" fontName="" fontStyle="0" fontSize="" />
            <WordsStyle name="COMMENT LINE" styleID="2" fgColor="008000" bgColor="FFFFFF" fontName="" fontStyle="0" fontSize="" />
            <WordsStyle name="COMMENT DOC" styleID="3" fgColor="008000" bgColor="FFFFFF" fontName="" fontStyle="0" fontSize="" />
            <WordsStyle name="COMMENT LINE DOC" styleID="15" fgColor="008000" bgColor="FFFFFF" fontName="" fontStyle="0" fontSize="" />
            <WordsStyle name="COMMENT DOC KEYWORD" styleID="17" fgColor="008000" bgColor="FFFFFF" fontName="" fontStyle="0" fontSize="" />
            <WordsStyle name="COMMENT DOC KEYWORD ERROR" styleID="18" fgColor="008000" bgColor="FFFFFF" fontName="" fontStyle="0" fontSize="" />
        </LexerType>
		<LexerType name="c" desc="C" ext="">
            <WordsStyle name="PREPROCESSOR" styleID="9" fgColor="0000FF" bgColor="FFFFFF" fontName="" fontStyle="0" fontSize="" />
            <WordsStyle name="DEFAULT" styleID="11" fgColor="000000" bgColor="FFFFFF" fontName="" fontStyle="0" fontSize="" />
            <WordsStyle name="INSTRUCTION WORD" styleID="5" fgColor="0000FF" bgColor="FFFFFF" fontName="" fontStyle="0" fontSize="" keywordClass="instre1">ooooo</WordsStyle>
            <WordsStyle name="TYPE WORD" styleID="16" fgColor="0000FF" bgColor="FFFFFF" fontName="" fontStyle="0" fontSize="" keywordClass="type1" />
            <WordsStyle name="NUMBER" styleID="4" fgColor="0060BF" bgColor="FFFFFF" fontName="" fontStyle="0" fontSize="" />
            <WordsStyle name="STRING" styleID="6" fgColor="007BEF" bgColor="FFFFFF" fontName="" fontStyle="0" fontSize="" />
            <WordsStyle name="CHARACTER" styleID="7" fgColor="007BEF" bgColor="FFFFFF" fontName="" fontStyle="0" fontSize="" />
            <WordsStyle name="OPERATOR" styleID="10" fgColor="000000" bgColor="FFFFFF" fontName="" fontStyle="0" fontSize="" />
            <WordsStyle name="VERBATIM" styleID="13" fgColor="0060BF" bgColor="FFFFFF" fontName="" fontStyle="0" fontSize="" />
            <WordsStyle name="REGEX" styleID="14" fgColor="800000" bgColor="FFFFFF" fontName="" fontStyle="0" fontSize="" />
            <WordsStyle name="COMMENT" styleID="1" fgColor="008000" bgColor="FFFFFF" fontName="" fontStyle="0" fontSize="" />
            <WordsStyle name="COMMENT LINE" styleID="2" fgColor="008000" bgColor="FFFFFF" fontName="" fontStyle="0" fontSize="" />
            <WordsStyle name="COMMENT DOC" styleID="3" fgColor="008000" bgColor="FFFFFF" fontName="" fontStyle="0" fontSize="" />
            <WordsStyle name="COMMENT LINE DOC" styleID="15" fgColor="008000" bgColor="FFFFFF" fontName="" fontStyle="0" fontSize="" />
            <WordsStyle name="COMMENT DOC KEYWORD" styleID="17" fgColor="008000" bgColor="FFFFFF" fontName="" fontStyle="0" fontSize="" />
            <WordsStyle name="COMMENT DOC KEYWORD ERROR" styleID="18" fgColor="008000" bgColor="FFFFFF" fontName="" fontStyle="0" fontSize="" />
        </LexerType>
		<LexerType name="cpp" desc="C++" ext="">
            <WordsStyle name="PREPROCESSOR" styleID="9" fgColor="0000FF" bgColor="FFFFFF" fontName="" fontStyle="0" fontSize="" />
            <WordsStyle name="DEFAULT" styleID="11" fgColor="000000" bgColor="FFFFFF" fontName="" fontStyle="0" fontSize="" />
            <WordsStyle name="INSTRUCTION WORD" styleID="5" fgColor="0000FF" bgColor="FFFFFF" fontName="" fontStyle="0" fontSize="" keywordClass="instre1" />
            <WordsStyle name="TYPE WORD" styleID="16" fgColor="0000FF" bgColor="FFFFFF" fontName="" fontStyle="0" fontSize="" keywordClass="type1">alert appendChild arguments array blur checked childNodes className confirm dialogArguments event focus getElementById getElementsByTagName innerHTML keyCode length location null number parentNode push RegExp replace selectNodes selectSingleNode setAttribute split src srcElement test undefined value window</WordsStyle>
            <WordsStyle name="NUMBER" styleID="4" fgColor="0060BF" bgColor="FFFFFF" fontName="" fontStyle="0" fontSize="">XmlUtil loadXmlString TopologyXmlTree NotificationArea loadXmlFile debug</WordsStyle>
            <WordsStyle name="STRING" styleID="6" fgColor="007BEF" bgColor="FFFFFF" fontName="" fontStyle="0" fontSize="" />
            <WordsStyle name="CHARACTER" styleID="7" fgColor="007BEF" bgColor="FFFFFF" fontName="" fontStyle="0" fontSize="" />
            <WordsStyle name="OPERATOR" styleID="10" fgColor="000000" bgColor="FFFFFF" fontName="" fontStyle="0" fontSize="" />
            <WordsStyle name="VERBATIM" styleID="13" fgColor="0060BF" bgColor="FFFFFF" fontName="" fontStyle="0" fontSize="" />
            <WordsStyle name="REGEX" styleID="14" fgColor="800000" bgColor="FFFFFF" fontName="" fontStyle="0" fontSize="" />
            <WordsStyle name="COMMENT" styleID="1" fgColor="008000" bgColor="FFFFFF" fontName="" fontStyle="0" fontSize="" />
            <WordsStyle name="COMMENT LINE" styleID="2" fgColor="008000" bgColor="FFFFFF" fontName="" fontStyle="0" fontSize="" />
            <WordsStyle name="COMMENT DOC" styleID="3" fgColor="008000" bgColor="FFFFFF" fontName="" fontStyle="0" fontSize="" />
            <WordsStyle name="COMMENT LINE DOC" styleID="15" fgColor="008000" bgColor="FFFFFF" fontName="" fontStyle="0" fontSize="">param @projectDescription projectDescription @param</WordsStyle>
            <WordsStyle name="COMMENT DOC KEYWORD" styleID="17" fgColor="008000" bgColor="FFFFFF" fontName="" fontStyle="0" fontSize="" />
            <WordsStyle name="COMMENT DOC KEYWORD ERROR" styleID="18" fgColor="008000" bgColor="FFFFFF" fontName="" fontStyle="0" fontSize="" />
        </LexerType>
		<LexerType name="java" desc="Java" ext="">
            <WordsStyle name="PREPROCESSOR" styleID="9" fgColor="0000FF" bgColor="FFFFFF" fontName="" fontStyle="0" fontSize="" />
            <WordsStyle name="DEFAULT" styleID="11" fgColor="000000" bgColor="FFFFFF" fontName="" fontStyle="0" fontSize="" />
            <WordsStyle name="INSTRUCTION WORD" styleID="5" fgColor="0000FF" bgColor="FFFFFF" fontName="" fontStyle="0" fontSize="" keywordClass="instre1" />
            <WordsStyle name="TYPE WORD" styleID="16" fgColor="0000FF" bgColor="FFFFFF" fontName="" fontStyle="0" fontSize="" keywordClass="type1" />
            <WordsStyle name="NUMBER" styleID="4" fgColor="0060BF" bgColor="FFFFFF" fontName="" fontStyle="0" fontSize="" />
            <WordsStyle name="STRING" styleID="6" fgColor="007BEF" bgColor="FFFFFF" fontName="" fontStyle="0" fontSize="" />
            <WordsStyle name="CHARACTER" styleID="7" fgColor="007BEF" bgColor="FFFFFF" fontName="" fontStyle="0" fontSize="" />
            <WordsStyle name="OPERATOR" styleID="10" fgColor="000000" bgColor="FFFFFF" fontName="" fontStyle="0" fontSize="" />
            <WordsStyle name="VERBATIM" styleID="13" fgColor="0060BF" bgColor="FFFFFF" fontName="" fontStyle="0" fontSize="" />
            <WordsStyle name="REGEX" styleID="14" fgColor="800000" bgColor="FFFFFF" fontName="" fontStyle="0" fontSize="" />
            <WordsStyle name="COMMENT" styleID="1" fgColor="008000" bgColor="FFFFFF" fontName="" fontStyle="0" fontSize="" />
            <WordsStyle name="COMMENT LINE" styleID="2" fgColor="008000" bgColor="FFFFFF" fontName="" fontStyle="0" fontSize="" />
            <WordsStyle name="COMMENT DOC" styleID="3" fgColor="008000" bgColor="FFFFFF" fontName="" fontStyle="0" fontSize="" />
            <WordsStyle name="COMMENT LINE DOC" styleID="15" fgColor="008000" bgColor="FFFFFF" fontName="" fontStyle="0" fontSize="" />
            <WordsStyle name="COMMENT DOC KEYWORD" styleID="17" fgColor="008000" bgColor="FFFFFF" fontName="" fontStyle="0" fontSize="" />
            <WordsStyle name="COMMENT DOC KEYWORD ERROR" styleID="18" fgColor="008000" bgColor="FFFFFF" fontName="" fontStyle="0" fontSize="" />
        </LexerType>
		<LexerType name="php" desc="php" ext="">
            <WordsStyle name="QUESTION MARK" styleID="18" fgColor="000000" bgColor="FFFFFF" fontName="" fontStyle="0" fontSize="" />
            <WordsStyle name="DEFAULT" styleID="118" fgColor="000000" bgColor="FFFFFF" fontName="" fontStyle="0" fontSize="" />
            <WordsStyle name="STRING" styleID="119" fgColor="007BEF" bgColor="FFFFFF" fontName="" fontStyle="0" fontSize="" />
            <WordsStyle name="STRING VARIABLE" styleID="126" fgColor="0060BF" bgColor="FFFFFF" fontName="" fontStyle="0" fontSize="" />
            <WordsStyle name="SIMPLESTRING" styleID="120" fgColor="007BEF" bgColor="FFFFFF" fontName="" fontStyle="0" fontSize="" />
            <WordsStyle name="WORD" styleID="121" fgColor="0000FF" bgColor="FFFFFF" fontName="" fontStyle="0" fontSize="" keywordClass="instre1" />
            <WordsStyle name="NUMBER" styleID="122" fgColor="0060BF" bgColor="FFFFFF" fontName="" fontStyle="0" fontSize="" />
            <WordsStyle name="VARIABLE" styleID="123" fgColor="000000" bgColor="FFFFFF" fontName="" fontStyle="0" fontSize="" />
            <WordsStyle name="COMMENT" styleID="124" fgColor="008000" bgColor="FFFFFF" fontName="" fontStyle="0" fontSize="" />
            <WordsStyle name="COMMENTLINE" styleID="125" fgColor="008000" bgColor="FFFFFF" fontName="" fontStyle="0" fontSize="" />
            <WordsStyle name="OPERATOR" styleID="127" fgColor="0000FF" bgColor="FFFFFF" fontName="" fontStyle="0" fontSize="" />
        </LexerType>
        <LexerType name="javascript" desc="Javascript" ext="">
            <WordsStyle name="DEFAULT" styleID="41" fgColor="000000" bgColor="FFFFFF" fontName="" fontStyle="0" fontSize="" />
            <WordsStyle name="NUMBER" styleID="45" fgColor="0060BF" bgColor="FFFFFF" fontName="" fontStyle="0" fontSize="" />
            <WordsStyle name="WORD" styleID="46" fgColor="000000" bgColor="FFFFFF" fontName="" fontStyle="0" fontSize="" />
            <WordsStyle name="KEYWORD" styleID="47" fgColor="0000FF" bgColor="FFFFFF" fontName="" fontStyle="0" fontSize="" keywordClass="instre1" />
            <WordsStyle name="DOUBLESTRING" styleID="48" fgColor="007BEF" bgColor="FFFFFF" fontName="" fontStyle="0" fontSize="" />
            <WordsStyle name="SINGLESTRING" styleID="49" fgColor="007BEF" bgColor="FFFFFF" fontName="" fontStyle="0" fontSize="" />
            <WordsStyle name="SYMBOLS" styleID="50" fgColor="0000FF" bgColor="FFFFFF" fontName="" fontStyle="0" fontSize="" />
            <WordsStyle name="STRINGEOL" styleID="51" fgColor="007BEF" bgColor="FFFFFF" fontName="" fontStyle="0" fontSize="" />
            <WordsStyle name="REGEX" styleID="52" fgColor="800000" bgColor="FFFFFF" fontName="" fontStyle="0" fontSize="" />
            <WordsStyle name="COMMENT" styleID="1" fgColor="008000" bgColor="FFFFFF" fontName="" fontStyle="0" fontSize="" />
            <WordsStyle name="COMMENT LINE" styleID="2" fgColor="008000" bgColor="FFFFFF" fontName="" fontStyle="0" fontSize="" />
            <WordsStyle name="COMMENT DOC" styleID="3" fgColor="008000" bgColor="FFFFFF" fontName="" fontStyle="0" fontSize="" />
            <WordsStyle name="COMMENT LINE DOC" styleID="15" fgColor="008000" bgColor="FFFFFF" fontName="" fontStyle="0" fontSize="" />
            <WordsStyle name="COMMENT DOC KEYWORD" styleID="17" fgColor="008000" bgColor="FFFFFF" fontName="" fontStyle="0" fontSize="" />
            <WordsStyle name="COMMENT DOC KEYWORD ERROR" styleID="18" fgColor="008000" bgColor="FFFFFF" fontName="" fontStyle="0" fontSize="" />
        </LexerType>
        <LexerType name="lua" desc="Lua" ext="">
            <WordsStyle name="DEFAULT" styleID="0" fgColor="000000" bgColor="FFFFFF" fontName="" fontStyle="0" fontSize="10" />
            <WordsStyle name="COMMENT" styleID="1" fgColor="008000" bgColor="FFFFFF" fontName="" fontStyle="0" fontSize="10" />
            <WordsStyle name="COMMENT LINE" styleID="2" fgColor="008000" bgColor="FFFFFF" fontName="" fontStyle="0" fontSize="10" />
            <WordsStyle name="COMMENT DOC" styleID="3" fgColor="008000" bgColor="FFFFFF" fontName="" fontStyle="0" fontSize="10">import</WordsStyle>
            <WordsStyle name="LITERALSTRING" styleID="8" fgColor="0060BF" bgColor="FFFFFF" fontName="" fontStyle="0" fontSize="10">import</WordsStyle>
            <WordsStyle name="PREPROCESSOR" styleID="9" fgColor="0000FF" bgColor="FFFFFF" fontName="" fontStyle="0" fontSize="10" />
            <WordsStyle name="INSTRUCTION WORD" styleID="5" fgColor="0000FF" bgColor="FFFFFF" fontName="" fontStyle="0" fontSize="10" keywordClass="instre1" />
            <WordsStyle name="NUMBER" styleID="4" fgColor="0060BF" bgColor="FFFFFF" fontName="" fontStyle="0" fontSize="10" />
            <WordsStyle name="STRING" styleID="6" fgColor="007BEF" bgColor="FFFFFF" fontName="" fontStyle="0" fontSize="10" />
            <WordsStyle name="CHARACTER" styleID="7" fgColor="007BEF" bgColor="FFFFFF" fontName="" fontStyle="0" fontSize="10" />
            <WordsStyle name="OPERATOR" styleID="10" fgColor="0000FF" bgColor="FFFFFF" fontName="" fontStyle="0" fontSize="10" />
            <WordsStyle name="FUNC1" styleID="13" fgColor="0000FF" bgColor="FFFFFF" fontName="" fontStyle="0" fontSize="10" keywordClass="instre2" />
            <WordsStyle name="FUNC2" styleID="14" fgColor="0000FF" bgColor="FFFFFF" fontName="" fontStyle="0" fontSize="10" keywordClass="type1" />
            <WordsStyle name="FUNC3" styleID="15" fgColor="0000FF" bgColor="FFFFFF" fontName="" fontStyle="0" fontSize="10" keywordClass="type2" />
        </LexerType>
        <LexerType name="html" desc="HTML" ext="">
            <WordsStyle name="DEFAULT" styleID="0" fgColor="000000" bgColor="FFFFFF" fontName="" fontStyle="0" fontSize="" />
            <WordsStyle name="COMMENT" styleID="9" fgColor="008000" bgColor="FFFFFF" fontName="" fontStyle="0" fontSize="" />
            <WordsStyle name="NUMBER" styleID="5" fgColor="0060BF" bgColor="FFFFFF" fontName="" fontStyle="0" fontSize="" />
            <WordsStyle name="DOUBLESTRING" styleID="6" fgColor="007BEF" bgColor="FFFFFF" fontName="" fontStyle="0" fontSize="" />
            <WordsStyle name="SINGLESTRING" styleID="7" fgColor="007BEF" bgColor="FFFFFF" fontName="" fontStyle="0" fontSize="" />
            <WordsStyle name="TAG" styleID="1" fgColor="800000" bgColor="FFFFFF" fontName="" fontStyle="0" fontSize="" />
            <WordsStyle name="TAGEND" styleID="11" fgColor="800000" bgColor="FFFFFF" fontName="" fontStyle="0" fontSize="" />
            <WordsStyle name="TAGUNKNOWN" styleID="2" fgColor="800000" bgColor="FFFFFF" fontName="" fontStyle="0" fontSize="" />
            <WordsStyle name="ATTRIBUTE" styleID="3" fgColor="FF0000" bgColor="FFFFFF" fontName="" fontStyle="0" fontSize="" />
            <WordsStyle name="ATTRIBUTEUNKNOWN" styleID="4" fgColor="FF0000" bgColor="FFFFFF" fontName="" fontStyle="0" fontSize="" />
            <WordsStyle name="SGMLDEFAULT" styleID="21" fgColor="8000FF" bgColor="FFFFFF" fontName="" fontStyle="0" fontSize="" />
            <WordsStyle name="CDATA" styleID="17" fgColor="800000" bgColor="FFFFFF" fontName="" fontStyle="0" fontSize="" />
            <WordsStyle name="VALUE" styleID="19" fgColor="0000FF" bgColor="FFFFFF" fontName="" fontStyle="0" fontSize="" />
            <WordsStyle name="ENTITY" styleID="10" fgColor="8080FF" bgColor="FFFFFF" fontName="" fontStyle="0" fontSize="" />
        </LexerType>
		<LexerType name="css" desc="CSS" ext="">
            <WordsStyle name="DEFAULT" styleID="0" fgColor="000000" bgColor="FFFFFF" fontName="" fontStyle="0" fontSize="" />
            <WordsStyle name="TAG" styleID="1" fgColor="800000" bgColor="FFFFFF" fontName="" fontStyle="0" fontSize="" />
            <WordsStyle name="CLASS" styleID="2" fgColor="800000" bgColor="FFFFFF" fontName="" fontStyle="0" fontSize="" />
            <WordsStyle name="PSEUDOCLASS" styleID="3" fgColor="800000" bgColor="FFFFFF" fontName="" fontStyle="0" fontSize="">import</WordsStyle>
            <WordsStyle name="UNKNOWN_PSEUDOCLASS" styleID="4" fgColor="800000" bgColor="FFFFFF" fontName="" fontStyle="0" fontSize="">import</WordsStyle>
            <WordsStyle name="OPERATOR" styleID="5" fgColor="000000" bgColor="FFFFFF" fontName="" fontStyle="0" fontSize="" />
            <WordsStyle name="IDENTIFIER" styleID="6" fgColor="FF0000" bgColor="FFFFFF" fontName="" fontStyle="0" fontSize="" keywordClass="instre1" />
            <WordsStyle name="UNKNOWN_IDENTIFIER" styleID="7" fgColor="FF0000" bgColor="FFFFFF" fontName="" fontStyle="0" fontSize="" />
            <WordsStyle name="VALUE" styleID="8" fgColor="007BEF" bgColor="FFFFFF" fontName="" fontStyle="0" fontSize="" />
            <WordsStyle name="COMMENT" styleID="9" fgColor="008000" bgColor="FFFFFF" fontName="" fontStyle="0" fontSize="" />
            <WordsStyle name="ID" styleID="10" fgColor="800000" bgColor="FFFFFF" fontName="" fontStyle="0" fontSize="" />
            <WordsStyle name="IMPORTANT" styleID="11" fgColor="0000FF" bgColor="FFFFFF" fontName="" fontStyle="0" fontSize="" />
            <WordsStyle name="DIRECTIVE" styleID="12" fgColor="000000" bgColor="FFFFFF" fontName="" fontStyle="0" fontSize="" />
        </LexerType>
		<LexerType name="asp" desc="asp" ext="asp">
            <WordsStyle name="DEFAULT" styleID="81" fgColor="000000" bgColor="FFFFFF" fontName="" fontStyle="0" fontSize="" />
            <WordsStyle name="COMMENTLINE" styleID="82" fgColor="008000" bgColor="FFFFFF" fontName="" fontStyle="0" fontSize="" />
            <WordsStyle name="NUMBER" styleID="83" fgColor="0060BF" bgColor="FFFFFF" fontName="" fontStyle="0" fontSize="" />
            <WordsStyle name="WORD" styleID="84" fgColor="0000FF" bgColor="FFFFFF" fontName="" fontStyle="0" fontSize="" keywordClass="instre1" />
            <WordsStyle name="STRING" styleID="85" fgColor="007BEF" bgColor="FFFFFF" fontName="" fontStyle="0" fontSize="" />
            <WordsStyle name="STRINGEOL" styleID="87" fgColor="007BEF" bgColor="FFFFFF" fontName="" fontStyle="0" fontSize="" />
            <WordsStyle name="IDENTIFIER" styleID="86" fgColor="000000" bgColor="FFFFFF" fontName="" fontStyle="0" fontSize="" />
            <WordsStyle name="ASPSYBOL" styleID="15" fgColor="0000FF" bgColor="FFFFFF" fontName="" fontStyle="0" fontSize="" />
            <WordsStyle name="SCRIPTTYPE" styleID="16" fgColor="0000FF" bgColor="FFFFFF" fontName="" fontStyle="0" fontSize="" />
        </LexerType>
        <LexerType name="xml" desc="XML" ext="">
            <WordsStyle name="XMLSTART" styleID="12" fgColor="FF0000" bgColor="FFFFFF" fontName="" fontStyle="0" fontSize="" />
            <WordsStyle name="XMLEND" styleID="13" fgColor="FF0000" bgColor="FFFFFF" fontName="" fontStyle="0" fontSize="" />
            <WordsStyle name="DEFAULT" styleID="0" fgColor="000000" bgColor="FFFFFF" fontName="" fontStyle="0" fontSize="" />
            <WordsStyle name="COMMENT" styleID="9" fgColor="008000" bgColor="FFFFFF" fontName="" fontStyle="0" fontSize="" />
            <WordsStyle name="NUMBER" styleID="5" fgColor="0060BF" bgColor="FFFFFF" fontName="" fontStyle="0" fontSize="" />
            <WordsStyle name="DOUBLESTRING" styleID="6" fgColor="007BEF" bgColor="FFFFFF" fontName="" fontStyle="0" fontSize="">if else for while</WordsStyle>
            <WordsStyle name="SINGLESTRING" styleID="7" fgColor="007BEF" bgColor="FFFFFF" fontName="" fontStyle="0" fontSize="">bool long int char</WordsStyle>
            <WordsStyle name="TAG" styleID="1" fgColor="800000" bgColor="FFFFFF" fontName="" fontStyle="0" fontSize="" />
            <WordsStyle name="TAGEND" styleID="11" fgColor="800000" bgColor="FFFFFF" fontName="" fontStyle="0" fontSize="" />
            <WordsStyle name="TAGUNKNOWN" styleID="2" fgColor="800000" bgColor="FFFFFF" fontName="" fontStyle="0" fontSize="" />
            <WordsStyle name="ATTRIBUTE" styleID="3" fgColor="FF0000" bgColor="FFFFFF" fontName="" fontStyle="0" fontSize="" />
            <WordsStyle name="ATTRIBUTEUNKNOWN" styleID="4" fgColor="FF0000" bgColor="FFFFFF" fontName="" fontStyle="0" fontSize="" />
            <WordsStyle name="SGMLDEFAULT" styleID="21" fgColor="FF8040" bgColor="FFFFFF" fontName="" fontStyle="0" fontSize="" />
            <WordsStyle name="CDATA" styleID="17" fgColor="800000" bgColor="FFFFFF" fontName="" fontStyle="0" fontSize="" />
        </LexerType>
		<LexerType name="diff" desc="DIFF" ext="">
            <WordsStyle name="DEFAULT" styleID="0" fgColor="000000" bgColor="FFFFFF" fontName="" fontStyle="0" fontSize="" />
            <WordsStyle name="COMMENT" styleID="1" fgColor="0060BF" bgColor="FFFFFF" fontName="" fontStyle="0" fontSize="" />
            <WordsStyle name="COMMAND" styleID="2" fgColor="0000FF" bgColor="FFFFFF" fontName="" fontStyle="0" fontSize="" />
            <WordsStyle name="HEADER" styleID="3" fgColor="0000FF" bgColor="FFFFFF" fontName="" fontStyle="0" fontSize="" />
            <WordsStyle name="POSITION" styleID="4" fgColor="FF0000" bgColor="FFFFFF" fontName="" fontStyle="0" fontSize="" />
            <WordsStyle name="DELETED" styleID="5" fgColor="800000" bgColor="FFFFFF" fontName="" fontStyle="0" fontSize="" />
            <WordsStyle name="ADDED" styleID="6" fgColor="008000" bgColor="FFFFFF" fontName="" fontStyle="0" fontSize="" />
        </LexerType>
        <LexerType name="batch" desc="Batch" ext="">
            <WordsStyle name="DEFAULT" styleID="0" fgColor="000000" bgColor="FFFFFF" fontName="" fontStyle="0" fontSize='10' />
            <WordsStyle name="COMMENT" styleID="1" fgColor="008000" bgColor="FFFFFF" fontName="" fontStyle="0" fontSize="10" />
            <WordsStyle name="KEYWORDS" styleID="2" fgColor="0000FF" bgColor="FFFFFF" fontName="" fontStyle="0" fontSize="10" keywordClass="instre1" />
            <WordsStyle name="LABEL" styleID="3" fgColor="800000" bgColor="FFFFFF" fontName="" fontStyle="0" fontSize="10" />
            <WordsStyle name="HIDE SYBOL" styleID="4" fgColor="0000FF" bgColor="FFFFFF" fontName="" fontStyle="0" fontSize="10" />
            <WordsStyle name="COMMAND" styleID="5" fgColor="0000FF" bgColor="FFFFFF" fontName="" fontStyle="0" fontSize="10" />
            <WordsStyle name="VARIABLE" styleID="6" fgColor="000000" bgColor="FFFFFF" fontName="" fontStyle="0" fontSize="10" />
            <WordsStyle name="OPERATOR" styleID="7" fgColor="000000" bgColor="FFFFFF" fontName="" fontStyle="0" fontSize="10" />
        </LexerType>
		<LexerType name="searchResult" desc="Search result" ext="">
            <WordsStyle name="Default" styleID="0" fgColor="404040" bgColor="FFFFFF" fontName="" fontStyle="0" fontSize="" />
            <WordsStyle name="Search Header" styleID="1" fgColor="0000FF" bgColor="FFFFFF" fontName="" fontStyle="0" fontSize="" />
            <WordsStyle name="File Header" styleID="2" fgColor="000000" bgColor="FFFFFF" fontName="" fontStyle="0" fontSize="" />
            <WordsStyle name="Line Number" styleID="3" fgColor="0000A0" bgColor="FFFFFF" fontName="" fontStyle="0" fontSize="" />
            <WordsStyle name="Hit Word" styleID="4" fgColor="800000" bgColor="FFFFFF" fontName="" fontStyle="0" fontSize="" keywordClass="instre2">if else for while</WordsStyle>
            <WordsStyle name="Current line background colour" styleID="6" fgColor="FFFFFF" bgColor="FFEE8A" fontName="" fontStyle="0" fontSize="">bool long int char</WordsStyle>
        </LexerType>
    </LexerStyles>
    <GlobalStyles>
        <!-- Attention : Don't modify the name of styleID="0" -->
        <WidgetStyle name="Global override" styleID="0" fgColor="000000" bgColor="FFFFFF" fontName="Consolas" fontStyle="0" fontSize="12" />
        <WidgetStyle name="Default Style" styleID="32" fgColor="000000" bgColor="FFFFFF" fontName="" fontStyle="0" fontSize="" />
        <WidgetStyle name="Indent guideline style" styleID="37" fgColor="C0C0C0" bgColor="FFFFFF" fontName="" fontStyle="0" fontSize="" />
        <WidgetStyle name="Brace highlight style" styleID="34" fgColor="000000" bgColor="FFFFFF" fontName="" fontStyle="1" fontSize="" />
        <WidgetStyle name="Bad brace colour" styleID="35" fgColor="000000" bgColor="FFFFFF" fontName="" fontStyle="0" fontSize="" />
        <WidgetStyle name="Current line background colour" styleID="0" bgColor="FFEE8A" fgColor="000000" fontSize="" fontStyle="0" />
        <WidgetStyle name="Selected text colour" styleID="0" bgColor="D2E9FF" fgColor="000000" />
        <WidgetStyle name="Caret colour" styleID="2069" fgColor="000000" bgColor="FFFFFF" fontStyle="0" />
        <WidgetStyle name="Edge colour" styleID="0" fgColor="000000" bgColor="FFFFFF" fontSize="" fontStyle="0" />
        <WidgetStyle name="Line number margin" styleID="33" fgColor="0000A0" bgColor="FFFFFF" fontName="" fontStyle="0" fontSize="" />
        <WidgetStyle name="Fold" styleID="0" fgColor="C0C0C0" bgColor="FFFFFF" fontSize="" fontStyle="0" />
        <WidgetStyle name="Fold margin" styleID="0" fgColor="FFFFFF" bgColor="FFFFFF" fontSize="" fontStyle="0" />
        <WidgetStyle name="White space symbol" styleID="0" fgColor="000000" bgColor="FFFFFF" fontSize="" fontStyle="0" />
        <WidgetStyle name="Smart HighLighting" styleID="29" bgColor="FFFFFF" fgColor="000000" />
        <WidgetStyle name="Find Mark Style" styleID="31" bgColor="FFFFFF" fgColor="000000" fontSize="" fontStyle="1" />
        <WidgetStyle name="Mark Style 1" styleID="25" bgColor="FFFFFF" fgColor="000000" fontSize="" fontStyle="0" />
        <WidgetStyle name="Mark Style 2" styleID="24" bgColor="FFFFFF" fgColor="000000" fontSize="" fontStyle="0" />
        <WidgetStyle name="Mark Style 3" styleID="23" bgColor="FFFFFF" fgColor="000000" />
        <WidgetStyle name="Mark Style 4" styleID="22" bgColor="FFFFFF" fgColor="000000" />
        <WidgetStyle name="Mark Style 5" styleID="21" bgColor="FFFFFF" fgColor="000000" fontSize="" fontStyle="0" />
        <WidgetStyle name="Incremental highlight all" styleID="28" bgColor="FFFFFF" fgColor="000000" fontSize="" fontStyle="0" />
        <WidgetStyle name="Tags match highlighting" styleID="27" bgColor="FFFFFF" fgColor="000000" />
        <WidgetStyle name="Tags attribute" styleID="26" bgColor="FFFFFF" fgColor="000000" />
        <WidgetStyle name="Active tab focused indicator" styleID="0" fgColor="FAAA3C" bgColor="FF0000" />
        <WidgetStyle name="Active tab unfocused indicator" styleID="0" fgColor="FFCAB0" bgColor="80FF00" />
        <WidgetStyle name="Active tab text" styleID="0" fgColor="000000" bgColor="408040" />
        <WidgetStyle name="Inactive tabs" styleID="0" fgColor="808080" bgColor="C0C0C0" />
    </GlobalStyles>
</NotepadPlus>
